frame,scripted_time_s,tcp_goal_distance_m
1.800000000000000000e+02,6.000000000000000000e+00,2.644492919547839493e-01
1.810000000000000000e+02,6.033333333333333215e+00,2.644377762428600787e-01
1.820000000000000000e+02,6.066666666666666430e+00,2.643594760095734908e-01
1.830000000000000000e+02,6.099999999999999645e+00,2.641538275921732071e-01
1.840000000000000000e+02,6.133333333333333748e+00,2.637667705045209088e-01
1.850000000000000000e+02,6.166666666666666963e+00,2.631504190693713108e-01
1.860000000000000000e+02,6.200000000000000178e+00,2.622627403068422125e-01
1.870000000000000000e+02,6.233333333333333393e+00,2.610672656853326723e-01
1.880000000000000000e+02,6.266666666666666607e+00,2.595328626349462930e-01
1.890000000000000000e+02,6.299999999999999822e+00,2.576335865761511523e-01
1.900000000000000000e+02,6.333333333333333037e+00,2.553486255084493339e-01
1.910000000000000000e+02,6.366666666666666252e+00,2.526623374784942033e-01
1.920000000000000000e+02,6.400000000000000355e+00,2.495643677742549471e-01
1.930000000000000000e+02,6.433333333333333570e+00,2.460498195889500861e-01
1.940000000000000000e+02,6.466666666666666785e+00,2.421194422181061900e-01
1.950000000000000000e+02,6.500000000000000000e+00,2.377797985138065673e-01
1.960000000000000000e+02,6.533333333333333215e+00,2.330433827514466760e-01
1.970000000000000000e+02,6.566666666666666430e+00,2.279233096196146835e-01
1.980000000000000000e+02,6.599999999999999645e+00,2.224277801238055408e-01
1.990000000000000000e+02,6.633333333333333748e+00,2.165733375807750993e-01
2.000000000000000000e+02,6.666666666666666963e+00,2.103792639057763814e-01
2.010000000000000000e+02,6.700000000000000178e+00,2.038672072599302387e-01
2.020000000000000000e+02,6.733333333333333393e+00,1.970620075421425088e-01
2.030000000000000000e+02,6.766666666666666607e+00,1.899970029337991750e-01
2.040000000000000000e+02,6.799999999999999822e+00,1.827000522147312622e-01
2.050000000000000000e+02,6.833333333333333037e+00,1.751983454175601029e-01
2.060000000000000000e+02,6.866666666666666252e+00,1.675202451384157909e-01
2.070000000000000000e+02,6.900000000000000355e+00,1.597092932332652149e-01
2.080000000000000000e+02,6.933333333333333570e+00,1.518041519629753644e-01
2.090000000000000000e+02,6.966666666666666785e+00,1.438310611097117497e-01
2.100000000000000000e+02,7.000000000000000000e+00,1.358173663974505674e-01
2.110000000000000000e+02,7.033333333333333215e+00,1.278168257552654841e-01
2.120000000000000000e+02,7.066666666666666430e+00,1.198747543816034711e-01
2.130000000000000000e+02,7.099999999999999645e+00,1.120090614887353786e-01
2.140000000000000000e+02,7.133333333333333748e+00,1.042413385236618389e-01
2.150000000000000000e+02,7.166666666666666963e+00,9.663872907402906720e-02
2.160000000000000000e+02,7.200000000000000178e+00,8.925472708067969108e-02
2.170000000000000000e+02,7.233333333333333393e+00,8.208749684194513452e-02
2.180000000000000000e+02,7.266666666666666607e+00,7.514717894258610142e-02
2.190000000000000000e+02,7.299999999999999822e+00,6.849486618223003809e-02
2.200000000000000000e+02,7.333333333333333037e+00,6.227398777814051323e-02
2.210000000000000000e+02,7.366666666666666252e+00,5.641410987109223008e-02
2.220000000000000000e+02,7.400000000000000355e+00,5.087094177966942909e-02
2.230000000000000000e+02,7.433333333333333570e+00,4.564833915457939401e-02
2.240000000000000000e+02,7.466666666666666785e+00,4.078995140153603149e-02
2.250000000000000000e+02,7.500000000000000000e+00,3.637986068231769538e-02
2.260000000000000000e+02,7.533333333333333215e+00,3.251995442094100797e-02
2.270000000000000000e+02,7.566666666666666430e+00,2.924959422736608805e-02
2.280000000000000000e+02,7.599999999999999645e+00,2.655139519542564289e-02
2.290000000000000000e+02,7.633333333333333748e+00,2.437328739026148328e-02
2.300000000000000000e+02,7.666666666666666963e+00,2.264744886239018068e-02
2.310000000000000000e+02,7.700000000000000178e+00,2.130333370183739444e-02
2.320000000000000000e+02,7.733333333333333393e+00,2.027499045298555500e-02
2.330000000000000000e+02,7.766666666666666607e+00,1.950426902213129796e-02
2.340000000000000000e+02,7.799999999999999822e+00,1.894160976591540563e-02
2.350000000000000000e+02,7.833333333333333037e+00,1.854556336682227843e-02
2.360000000000000000e+02,7.866666666666666252e+00,1.828161120172019580e-02
2.370000000000000000e+02,7.900000000000000355e+00,1.812052430060290611e-02
2.380000000000000000e+02,7.933333333333333570e+00,1.803641227377358880e-02
2.390000000000000000e+02,7.966666666666666785e+00,1.800465697509139734e-02
2.400000000000000000e+02,8.000000000000000000e+00,1.799999927552180939e-02
2.410000000000000000e+02,8.033333333333333215e+00,1.799809244712389719e-02
2.420000000000000000e+02,8.066666666666666430e+00,1.798525622203130808e-02
2.430000000000000000e+02,8.099999999999999645e+00,1.795193518741172375e-02
2.440000000000000000e+02,8.133333333333332860e+00,1.789000572073705039e-02
2.450000000000000000e+02,8.166666666666666075e+00,1.779270198347413998e-02
2.460000000000000000e+02,8.199999999999999289e+00,1.765454341936372254e-02
2.470000000000000000e+02,8.233333333333332504e+00,1.747126557109173958e-02
2.480000000000000000e+02,8.266666666666667496e+00,1.723975579102211483e-02
2.490000000000000000e+02,8.300000000000000711e+00,1.695799497664442212e-02
2.500000000000000000e+02,8.333333333333333925e+00,1.662500581188440518e-02
2.510000000000000000e+02,8.366666666666667140e+00,1.624080716004240935e-02
2.520000000000000000e+02,8.400000000000000355e+00,1.580637330077907382e-02
2.530000000000000000e+02,8.433333333333333570e+00,1.532346736531623593e-02
2.540000000000000000e+02,8.466666666666666785e+00,1.479440639626025157e-02
2.550000000000000000e+02,8.500000000000000000e+00,1.422223321521789464e-02
2.560000000000000000e+02,8.533333333333333215e+00,1.361056526552607490e-02
2.570000000000000000e+02,8.566666666666666430e+00,1.296360037311622068e-02
2.580000000000000000e+02,8.599999999999999645e+00,1.228607655371895951e-02
2.590000000000000000e+02,8.633333333333332860e+00,1.158297615786056840e-02
2.600000000000000000e+02,8.666666666666666075e+00,1.085960683308004153e-02
2.610000000000000000e+02,8.699999999999999289e+00,1.012166568369283863e-02
2.620000000000000000e+02,8.733333333333332504e+00,9.374888808718711414e-03
2.630000000000000000e+02,8.766666666666667496e+00,8.625108815439088902e-03
2.640000000000000000e+02,8.800000000000000711e+00,7.878324578151303659e-03
2.650000000000000000e+02,8.833333333333333925e+00,7.140385286964707166e-03
2.660000000000000000e+02,8.866666666666667140e+00,6.417026806835127509e-03
2.670000000000000000e+02,8.900000000000000355e+00,5.713914552392403146e-03
2.680000000000000000e+02,8.933333333333333570e+00,5.036383758025268602e-03
2.690000000000000000e+02,8.966666666666666785e+00,4.389439177324140802e-03
2.700000000000000000e+02,9.000000000000000000e+00,3.777768197474690604e-03
2.710000000000000000e+02,9.033333333333333215e+00,3.205575171239029904e-03
2.720000000000000000e+02,9.066666666666666430e+00,2.676510113926533572e-03
2.730000000000000000e+02,9.099999999999999645e+00,2.193634180509559418e-03
2.740000000000000000e+02,9.133333333333332860e+00,1.759411454628920669e-03
2.750000000000000000e+02,9.166666666666666075e+00,1.375498766581635364e-03
2.760000000000000000e+02,9.199999999999999289e+00,1.042712448317617731e-03
2.770000000000000000e+02,9.233333333333332504e+00,7.610163632510343881e-04
2.780000000000000000e+02,9.266666666666667496e+00,5.294438707298970313e-04
2.790000000000000000e+02,9.300000000000000711e+00,3.460200476163520478e-04
2.800000000000000000e+02,9.333333333333333925e+00,2.076849608969935374e-04
2.810000000000000000e+02,9.366666666666667140e+00,1.102186299277856682e-04
2.820000000000000000e+02,9.400000000000000355e+00,4.816799783747902080e-05
2.830000000000000000e+02,9.433333333333333570e+00,1.477582785269745188e-05
2.840000000000000000e+02,9.466666666666666785e+00,1.911063702068112087e-06
2.850000000000000000e+02,9.500000000000000000e+00,2.699469792762863669e-10
2.860000000000000000e+02,9.533333333333333215e+00,2.699469792762863669e-10
2.870000000000000000e+02,9.566666666666666430e+00,2.699469792762863669e-10
2.880000000000000000e+02,9.599999999999999645e+00,2.699469792762863669e-10
2.890000000000000000e+02,9.633333333333332860e+00,2.699469792762863669e-10
2.900000000000000000e+02,9.666666666666666075e+00,2.699469792762863669e-10
2.910000000000000000e+02,9.699999999999999289e+00,2.699469792762863669e-10
2.920000000000000000e+02,9.733333333333332504e+00,2.699469792762863669e-10
2.930000000000000000e+02,9.766666666666667496e+00,2.699469792762863669e-10
2.940000000000000000e+02,9.800000000000000711e+00,2.699469792762863669e-10
2.950000000000000000e+02,9.833333333333333925e+00,2.699469792762863669e-10
2.960000000000000000e+02,9.866666666666667140e+00,2.699469792762863669e-10
2.970000000000000000e+02,9.900000000000000355e+00,2.699469792762863669e-10
2.980000000000000000e+02,9.933333333333333570e+00,2.699469792762863669e-10
2.990000000000000000e+02,9.966666666666666785e+00,2.699469792762863669e-10
3.000000000000000000e+02,1.000000000000000000e+01,2.699469792762863669e-10
3.010000000000000000e+02,1.003333333333333321e+01,2.699469792762863669e-10
3.020000000000000000e+02,1.006666666666666643e+01,2.699469792762863669e-10
3.030000000000000000e+02,1.009999999999999964e+01,2.699469792762863669e-10
3.040000000000000000e+02,1.013333333333333286e+01,2.699469792762863669e-10
3.050000000000000000e+02,1.016666666666666607e+01,2.699469792762863669e-10
3.060000000000000000e+02,1.019999999999999929e+01,2.699469792762863669e-10
3.070000000000000000e+02,1.023333333333333250e+01,2.699469792762863669e-10
3.080000000000000000e+02,1.026666666666666750e+01,2.699469792762863669e-10
3.090000000000000000e+02,1.030000000000000071e+01,2.699469792762863669e-10
3.100000000000000000e+02,1.033333333333333393e+01,2.699469792762863669e-10
3.110000000000000000e+02,1.036666666666666714e+01,2.699469792762863669e-10
3.120000000000000000e+02,1.040000000000000036e+01,2.699469792762863669e-10
3.130000000000000000e+02,1.043333333333333357e+01,2.699469792762863669e-10
3.140000000000000000e+02,1.046666666666666679e+01,2.699469792762863669e-10
3.150000000000000000e+02,1.050000000000000000e+01,2.699469792762863669e-10
3.160000000000000000e+02,1.053333333333333321e+01,2.699469792762863669e-10
3.170000000000000000e+02,1.056666666666666643e+01,2.699469792762863669e-10
3.180000000000000000e+02,1.059999999999999964e+01,2.699469792762863669e-10
3.190000000000000000e+02,1.063333333333333286e+01,2.699469792762863669e-10
3.200000000000000000e+02,1.066666666666666607e+01,2.699469792762863669e-10
3.210000000000000000e+02,1.069999999999999929e+01,2.699469792762863669e-10
3.220000000000000000e+02,1.073333333333333250e+01,2.699469792762863669e-10
3.230000000000000000e+02,1.076666666666666750e+01,2.699469792762863669e-10
3.240000000000000000e+02,1.080000000000000071e+01,2.699469792762863669e-10
3.250000000000000000e+02,1.083333333333333393e+01,2.699469792762863669e-10
3.260000000000000000e+02,1.086666666666666714e+01,2.699469792762863669e-10
3.270000000000000000e+02,1.090000000000000036e+01,2.699469792762863669e-10
3.280000000000000000e+02,1.093333333333333357e+01,2.699469792762863669e-10
3.290000000000000000e+02,1.096666666666666679e+01,2.699469792762863669e-10
3.300000000000000000e+02,1.100000000000000000e+01,2.699469792762863669e-10
3.310000000000000000e+02,1.103333333333333321e+01,2.699469792762863669e-10
3.320000000000000000e+02,1.106666666666666643e+01,2.699469792762863669e-10
3.330000000000000000e+02,1.109999999999999964e+01,2.699469792762863669e-10
3.340000000000000000e+02,1.113333333333333286e+01,2.699469792762863669e-10
3.350000000000000000e+02,1.116666666666666607e+01,2.699469792762863669e-10
3.360000000000000000e+02,1.119999999999999929e+01,2.699469792762863669e-10
3.370000000000000000e+02,1.123333333333333250e+01,2.699469792762863669e-10
3.380000000000000000e+02,1.126666666666666750e+01,2.699469792762863669e-10
3.390000000000000000e+02,1.130000000000000071e+01,2.699469792762863669e-10
3.400000000000000000e+02,1.133333333333333393e+01,2.699469792762863669e-10
3.410000000000000000e+02,1.136666666666666714e+01,2.699469792762863669e-10
3.420000000000000000e+02,1.140000000000000036e+01,2.699469792762863669e-10
3.430000000000000000e+02,1.143333333333333357e+01,2.699469792762863669e-10
3.440000000000000000e+02,1.146666666666666679e+01,2.699469792762863669e-10
3.450000000000000000e+02,1.150000000000000000e+01,2.699469792762863669e-10
3.460000000000000000e+02,1.153333333333333321e+01,2.699469792762863669e-10
3.470000000000000000e+02,1.156666666666666643e+01,2.699469792762863669e-10
3.480000000000000000e+02,1.159999999999999964e+01,2.699469792762863669e-10
3.490000000000000000e+02,1.163333333333333286e+01,2.699469792762863669e-10
3.500000000000000000e+02,1.166666666666666607e+01,2.699469792762863669e-10
3.510000000000000000e+02,1.169999999999999929e+01,2.699469792762863669e-10
3.520000000000000000e+02,1.173333333333333250e+01,2.699469792762863669e-10
3.530000000000000000e+02,1.176666666666666750e+01,2.699469792762863669e-10
3.540000000000000000e+02,1.180000000000000071e+01,2.699469792762863669e-10
3.550000000000000000e+02,1.183333333333333393e+01,2.699469792762863669e-10
3.560000000000000000e+02,1.186666666666666714e+01,2.699469792762863669e-10
3.570000000000000000e+02,1.190000000000000036e+01,2.699469792762863669e-10
3.580000000000000000e+02,1.193333333333333357e+01,2.699469792762863669e-10
3.590000000000000000e+02,1.196666666666666679e+01,2.699469792762863669e-10
3.600000000000000000e+02,1.200000000000000000e+01,2.699469792762863669e-10
3.610000000000000000e+02,1.203333333333333321e+01,2.699469792762863669e-10
3.620000000000000000e+02,1.206666666666666643e+01,2.699469792762863669e-10
3.630000000000000000e+02,1.209999999999999964e+01,2.699469792762863669e-10
3.640000000000000000e+02,1.213333333333333286e+01,2.699469792762863669e-10
3.650000000000000000e+02,1.216666666666666607e+01,2.699469792762863669e-10
3.660000000000000000e+02,1.219999999999999929e+01,2.699469792762863669e-10
3.670000000000000000e+02,1.223333333333333250e+01,2.699469792762863669e-10
3.680000000000000000e+02,1.226666666666666750e+01,2.699469792762863669e-10
3.690000000000000000e+02,1.230000000000000071e+01,2.699469792762863669e-10
3.700000000000000000e+02,1.233333333333333393e+01,2.699469792762863669e-10
3.710000000000000000e+02,1.236666666666666714e+01,2.699469792762863669e-10
3.720000000000000000e+02,1.240000000000000036e+01,2.699469792762863669e-10
3.730000000000000000e+02,1.243333333333333357e+01,2.699469792762863669e-10
3.740000000000000000e+02,1.246666666666666679e+01,2.699469792762863669e-10
3.750000000000000000e+02,1.250000000000000000e+01,2.699469792762863669e-10
3.760000000000000000e+02,1.253333333333333321e+01,2.699469792762863669e-10
3.770000000000000000e+02,1.256666666666666643e+01,2.699469792762863669e-10
3.780000000000000000e+02,1.259999999999999964e+01,2.699469792762863669e-10
3.790000000000000000e+02,1.263333333333333286e+01,2.699469792762863669e-10
3.800000000000000000e+02,1.266666666666666607e+01,2.699469792762863669e-10
3.810000000000000000e+02,1.269999999999999929e+01,2.699469792762863669e-10
3.820000000000000000e+02,1.273333333333333250e+01,2.699469792762863669e-10
3.830000000000000000e+02,1.276666666666666750e+01,2.699469792762863669e-10
3.840000000000000000e+02,1.280000000000000071e+01,2.699469792762863669e-10
3.850000000000000000e+02,1.283333333333333393e+01,2.699469792762863669e-10
3.860000000000000000e+02,1.286666666666666714e+01,2.699469792762863669e-10
3.870000000000000000e+02,1.290000000000000036e+01,2.699469792762863669e-10
3.880000000000000000e+02,1.293333333333333357e+01,2.699469792762863669e-10
3.890000000000000000e+02,1.296666666666666679e+01,2.699469792762863669e-10
